,epochs,precision,recall,fscore,support
0,0,0.9251956922928126,0.9240890841045848,0.9243054795786371,1000.0
1,1,0.9469342576795947,0.9465525923267387,0.9465565923321458,1000.0
