,epochs,precision,recall,fscore,support
0,0,0.028104575163398694,0.047619047619047616,0.034999999999999996,5.0
1,1,0.0817099567099567,0.11190476190476191,0.0819047619047619,5.0
