,epochs,precision,recall,fscore,support
0,0,0.9277395253162728,0.9271058023264004,0.9270514834380907,1000.0
