,epochs,precision,recall,fscore,support
0,0,0.9220899987188549,0.9212031296815129,0.9214562750608231,1000.0
1,1,0.9436269861044989,0.9437918321176829,0.9434762707662827,1000.0
