,epochs,precision,recall,fscore,support
0,0,0.918968576603533,0.9175629777246523,0.9175683430862405,1000.0
1,1,0.9472259206911829,0.9466926001078371,0.9467523342806654,1000.0
