,epochs,precision,recall,fscore,support
0,0,0.9258826947927853,0.9234721735492115,0.9239667528780968,1000.0
