,epochs,precision,recall,fscore,support
0,0,0.9272345791596537,0.9260556767998201,0.9264173537450946,1000.0
1,1,0.9517409447790689,0.950868513353122,0.9511298453701504,1000.0
