,epochs,precision,recall,fscore,support
0,0,0.020634920634920634,0.08333333333333333,0.03266666666666666,5.0
1,1,0.020833333333333332,0.08333333333333333,0.032467532467532464,5.0
