,epochs,precision,recall,fscore,support
0,0,0.9200369915101069,0.9196942093864827,0.9197107362021233,1000.0
1,1,0.9417229356012399,0.941951540447097,0.9415457744723754,1000.0
