,epochs,precision,recall,fscore,support
0,0,0.922253648379664,0.9198559534661435,0.9202515318834997,1000.0
1,1,0.9527990791515443,0.9526757885271099,0.9526542998777853,1000.0
