,epochs,precision,recall,fscore,support
0,0,0.920456504305047,0.918781780580711,0.9191326681610457,1000.0
1,1,0.9456837699662497,0.9452149584911697,0.9453683416381615,1000.0
